strategy,N,path,rep,lookups,cycles,cycles_per_lookup
baseline,27,na,0,1000000,1755826,1.7558
linear,27,hit,0,1000000,53653956,53.6540
linear,27,miss,0,1000000,61849254,61.8493
binary,27,hit,0,1000000,70236996,70.2370
binary,27,miss,0,1000000,62977542,62.9775
direct,27,hit,0,1000000,5040144,5.0401
direct,27,miss,0,1000000,5039268,5.0393
baseline,27,na,1,1000000,1610088,1.6101
linear,27,hit,1,1000000,53079924,53.0799
linear,27,miss,1,1000000,69746562,69.7466
binary,27,hit,1,1000000,69145552,69.1456
binary,27,miss,1,1000000,62939508,62.9395
direct,27,hit,1,1000000,5030104,5.0301
direct,27,miss,1,1000000,5034122,5.0341
baseline,27,na,2,1000000,1610654,1.6107
linear,27,hit,2,1000000,53240742,53.2407
linear,27,miss,2,1000000,69495514,69.4955
binary,27,hit,2,1000000,70631336,70.6313
binary,27,miss,2,1000000,64087950,64.0880
direct,27,hit,2,1000000,5041150,5.0412
direct,27,miss,2,1000000,5034440,5.0344
baseline,27,na,3,1000000,1604874,1.6049
linear,27,hit,3,1000000,53057108,53.0571
linear,27,miss,3,1000000,69334008,69.3340
binary,27,hit,3,1000000,68232616,68.2326
binary,27,miss,3,1000000,63405720,63.4057
direct,27,hit,3,1000000,5029182,5.0292
direct,27,miss,3,1000000,5028828,5.0288
baseline,27,na,4,1000000,1641176,1.6412
linear,27,hit,4,1000000,53022798,53.0228
linear,27,miss,4,1000000,69700860,69.7009
binary,27,hit,4,1000000,69057420,69.0574
binary,27,miss,4,1000000,63720438,63.7204
direct,27,hit,4,1000000,5035554,5.0356
direct,27,miss,4,1000000,5034948,5.0349
baseline,27,na,5,1000000,1612240,1.6122
linear,27,hit,5,1000000,53193616,53.1936
linear,27,miss,5,1000000,69499846,69.4998
binary,27,hit,5,1000000,68554008,68.5540
binary,27,miss,5,1000000,63300996,63.3010
direct,27,hit,5,1000000,5029566,5.0296
direct,27,miss,5,1000000,5035826,5.0358
baseline,27,na,6,1000000,1605286,1.6053
linear,27,hit,6,1000000,53159738,53.1597
linear,27,miss,6,1000000,69896712,69.8967
binary,27,hit,6,1000000,69730772,69.7308
binary,27,miss,6,1000000,63063450,63.0635
direct,27,hit,6,1000000,5039034,5.0390
direct,27,miss,6,1000000,5029018,5.0290
baseline,27,na,7,1000000,1605680,1.6057
linear,27,hit,7,1000000,52961104,52.9611
linear,27,miss,7,1000000,69761628,69.7616
binary,27,hit,7,1000000,69379740,69.3797
binary,27,miss,7,1000000,62677246,62.6772
direct,27,hit,7,1000000,5028826,5.0288
direct,27,miss,7,1000000,5029512,5.0295
baseline,27,na,8,1000000,1609876,1.6099
linear,27,hit,8,1000000,53154024,53.1540
linear,27,miss,8,1000000,69840020,69.8400
binary,27,hit,8,1000000,68606158,68.6062
binary,27,miss,8,1000000,63349798,63.3498
direct,27,hit,8,1000000,5032040,5.0320
direct,27,miss,8,1000000,5034644,5.0346
baseline,27,na,9,1000000,1612930,1.6129
linear,27,hit,9,1000000,53119480,53.1195
linear,27,miss,9,1000000,68414648,68.4146
binary,27,hit,9,1000000,67955336,67.9553
binary,27,miss,9,1000000,62800128,62.8001
direct,27,hit,9,1000000,5034032,5.0340
direct,27,miss,9,1000000,5029830,5.0298
baseline,27,na,10,1000000,1605132,1.6051
linear,27,hit,10,1000000,53104248,53.1042
linear,27,miss,10,1000000,69697708,69.6977
binary,27,hit,10,1000000,67717896,67.7179
binary,27,miss,10,1000000,62724932,62.7249
direct,27,hit,10,1000000,5033304,5.0333
direct,27,miss,10,1000000,5028926,5.0289
baseline,27,na,11,1000000,1605504,1.6055
linear,27,hit,11,1000000,53232230,53.2322
linear,27,miss,11,1000000,69693666,69.6937
binary,27,hit,11,1000000,67894790,67.8948
binary,27,miss,11,1000000,63024130,63.0241
direct,27,hit,11,1000000,5036628,5.0366
direct,27,miss,11,1000000,5035456,5.0355
baseline,27,na,12,1000000,1682998,1.6830
linear,27,hit,12,1000000,56513266,56.5133
linear,27,miss,12,1000000,69123096,69.1231
binary,27,hit,12,1000000,70354292,70.3543
binary,27,miss,12,1000000,62348232,62.3482
direct,27,hit,12,1000000,5035434,5.0354
direct,27,miss,12,1000000,5033838,5.0338
baseline,27,na,13,1000000,1609104,1.6091
linear,27,hit,13,1000000,52992532,52.9925
linear,27,miss,13,1000000,69713956,69.7140
binary,27,hit,13,1000000,67565106,67.5651
binary,27,miss,13,1000000,62932312,62.9323
direct,27,hit,13,1000000,5067524,5.0675
direct,27,miss,13,1000000,5033260,5.0333
baseline,27,na,14,1000000,1609350,1.6094
linear,27,hit,14,1000000,53233220,53.2332
linear,27,miss,14,1000000,69862746,69.8627
binary,27,hit,14,1000000,68039258,68.0393
binary,27,miss,14,1000000,63360404,63.3604
direct,27,hit,14,1000000,5044266,5.0443
direct,27,miss,14,1000000,5037090,5.0371
baseline,27,na,15,1000000,1606178,1.6062
linear,27,hit,15,1000000,53269360,53.2694
linear,27,miss,15,1000000,69772982,69.7730
binary,27,hit,15,1000000,69233372,69.2334
binary,27,miss,15,1000000,63589672,63.5897
direct,27,hit,15,1000000,5028978,5.0290
direct,27,miss,15,1000000,5028928,5.0289
baseline,27,na,16,1000000,1609304,1.6093
linear,27,hit,16,1000000,53135418,53.1354
linear,27,miss,16,1000000,69750396,69.7504
binary,27,hit,16,1000000,67496946,67.4969
binary,27,miss,16,1000000,62701258,62.7013
direct,27,hit,16,1000000,5033098,5.0331
direct,27,miss,16,1000000,5028892,5.0289
baseline,27,na,17,1000000,1608250,1.6082
linear,27,hit,17,1000000,53125880,53.1259
linear,27,miss,17,1000000,69573364,69.5734
binary,27,hit,17,1000000,68284740,68.2847
binary,27,miss,17,1000000,63219026,63.2190
direct,27,hit,17,1000000,5034936,5.0349
direct,27,miss,17,1000000,5031618,5.0316
baseline,27,na,18,1000000,1614842,1.6148
linear,27,hit,18,1000000,53104520,53.1045
linear,27,miss,18,1000000,69648856,69.6489
binary,27,hit,18,1000000,68086806,68.0868
binary,27,miss,18,1000000,63287080,63.2871
direct,27,hit,18,1000000,5032890,5.0329
direct,27,miss,18,1000000,5035002,5.0350
baseline,27,na,19,1000000,1605796,1.6058
linear,27,hit,19,1000000,53200770,53.2008
linear,27,miss,19,1000000,69702960,69.7030
binary,27,hit,19,1000000,70607372,70.6074
binary,27,miss,19,1000000,63490518,63.4905
direct,27,hit,19,1000000,5030948,5.0309
direct,27,miss,19,1000000,5029198,5.0292
baseline,27,na,20,1000000,1610078,1.6101
linear,27,hit,20,1000000,53023424,53.0234
linear,27,miss,20,1000000,69525782,69.5258
binary,27,hit,20,1000000,69525194,69.5252
binary,27,miss,20,1000000,63701834,63.7018
direct,27,hit,20,1000000,5029308,5.0293
direct,27,miss,20,1000000,5034484,5.0345
baseline,27,na,21,1000000,1609974,1.6100
linear,27,hit,21,1000000,52922548,52.9225
linear,27,miss,21,1000000,69503034,69.5030
binary,27,hit,21,1000000,68526676,68.5267
binary,27,miss,21,1000000,63759778,63.7598
direct,27,hit,21,1000000,5035960,5.0360
direct,27,miss,21,1000000,5031900,5.0319
baseline,27,na,22,1000000,1610904,1.6109
linear,27,hit,22,1000000,54494952,54.4950
linear,27,miss,22,1000000,69679702,69.6797
binary,27,hit,22,1000000,68037088,68.0371
binary,27,miss,22,1000000,63391282,63.3913
direct,27,hit,22,1000000,5031314,5.0313
direct,27,miss,22,1000000,5033452,5.0335
baseline,27,na,23,1000000,1610254,1.6103
linear,27,hit,23,1000000,53257546,53.2575
linear,27,miss,23,1000000,69734572,69.7346
binary,27,hit,23,1000000,67653044,67.6530
binary,27,miss,23,1000000,62936492,62.9365
direct,27,hit,23,1000000,5028610,5.0286
direct,27,miss,23,1000000,5030134,5.0301
baseline,27,na,24,1000000,1610024,1.6100
linear,27,hit,24,1000000,53033182,53.0332
linear,27,miss,24,1000000,69797882,69.7979
binary,27,hit,24,1000000,68649626,68.6496
binary,27,miss,24,1000000,62982436,62.9824
direct,27,hit,24,1000000,5610466,5.6105
direct,27,miss,24,1000000,5044466,5.0445
baseline,27,na,25,1000000,1613640,1.6136
linear,27,hit,25,1000000,53276512,53.2765
linear,27,miss,25,1000000,69721996,69.7220
binary,27,hit,25,1000000,68563294,68.5633
binary,27,miss,25,1000000,62478668,62.4787
direct,27,hit,25,1000000,5029374,5.0294
direct,27,miss,25,1000000,5030970,5.0310
baseline,27,na,26,1000000,1610204,1.6102
linear,27,hit,26,1000000,53117718,53.1177
linear,27,miss,26,1000000,69672736,69.6727
binary,27,hit,26,1000000,67538762,67.5388
binary,27,miss,26,1000000,63442316,63.4423
direct,27,hit,26,1000000,5029092,5.0291
direct,27,miss,26,1000000,5028988,5.0290
baseline,27,na,27,1000000,1612380,1.6124
linear,27,hit,27,1000000,52999548,52.9995
linear,27,miss,27,1000000,69673958,69.6740
binary,27,hit,27,1000000,69312708,69.3127
binary,27,miss,27,1000000,63101552,63.1016
direct,27,hit,27,1000000,5028744,5.0287
direct,27,miss,27,1000000,5028882,5.0289
baseline,27,na,28,1000000,1609670,1.6097
linear,27,hit,28,1000000,53057846,53.0578
linear,27,miss,28,1000000,69506132,69.5061
binary,27,hit,28,1000000,68611380,68.6114
binary,27,miss,28,1000000,63353324,63.3533
direct,27,hit,28,1000000,5033126,5.0331
direct,27,miss,28,1000000,5029564,5.0296
baseline,27,na,29,1000000,1609838,1.6098
linear,27,hit,29,1000000,52986936,52.9869
linear,27,miss,29,1000000,69640744,69.6407
binary,27,hit,29,1000000,71602632,71.6026
binary,27,miss,29,1000000,62437130,62.4371
direct,27,hit,29,1000000,5029056,5.0291
direct,27,miss,29,1000000,5029168,5.0292
baseline,27,na,30,1000000,1610050,1.6100
linear,27,hit,30,1000000,53166126,53.1661
linear,27,miss,30,1000000,69596136,69.5961
binary,27,hit,30,1000000,69610546,69.6105
binary,27,miss,30,1000000,63921686,63.9217
direct,27,hit,30,1000000,5029770,5.0298
direct,27,miss,30,1000000,5033112,5.0331
baseline,27,na,31,1000000,1605072,1.6051
linear,27,hit,31,1000000,53507052,53.5071
linear,27,miss,31,1000000,69805414,69.8054
binary,27,hit,31,1000000,68130030,68.1300
binary,27,miss,31,1000000,64082048,64.0820
direct,27,hit,31,1000000,5032782,5.0328
direct,27,miss,31,1000000,5035660,5.0357
baseline,27,na,32,1000000,1604028,1.6040
linear,27,hit,32,1000000,53159562,53.1596
linear,27,miss,32,1000000,69916402,69.9164
binary,27,hit,32,1000000,69636480,69.6365
binary,27,miss,32,1000000,63303260,63.3033
direct,27,hit,32,1000000,5040992,5.0410
direct,27,miss,32,1000000,5034868,5.0349
baseline,27,na,33,1000000,1605770,1.6058
linear,27,hit,33,1000000,53037500,53.0375
linear,27,miss,33,1000000,69611034,69.6110
binary,27,hit,33,1000000,69138482,69.1385
binary,27,miss,33,1000000,63296950,63.2970
direct,27,hit,33,1000000,5032572,5.0326
direct,27,miss,33,1000000,5041832,5.0418
baseline,27,na,34,1000000,1605178,1.6052
linear,27,hit,34,1000000,53169914,53.1699
linear,27,miss,34,1000000,69859196,69.8592
binary,27,hit,34,1000000,68978674,68.9787
binary,27,miss,34,1000000,63687472,63.6875
direct,27,hit,34,1000000,5030142,5.0301
direct,27,miss,34,1000000,5033140,5.0331
baseline,27,na,35,1000000,1605068,1.6051
linear,27,hit,35,1000000,53011470,53.0115
linear,27,miss,35,1000000,69413822,69.4138
binary,27,hit,35,1000000,67837982,67.8380
binary,27,miss,35,1000000,63484362,63.4844
direct,27,hit,35,1000000,5033106,5.0331
direct,27,miss,35,1000000,5028552,5.0286
baseline,27,na,36,1000000,1609226,1.6092
linear,27,hit,36,1000000,53223038,53.2230
linear,27,miss,36,1000000,69506534,69.5065
binary,27,hit,36,1000000,68356418,68.3564
binary,27,miss,36,1000000,62741024,62.7410
direct,27,hit,36,1000000,5033088,5.0331
direct,27,miss,36,1000000,5029592,5.0296
baseline,27,na,37,1000000,1609912,1.6099
linear,27,hit,37,1000000,53133516,53.1335
linear,27,miss,37,1000000,69183640,69.1836
binary,27,hit,37,1000000,68400364,68.4004
binary,27,miss,37,1000000,64234936,64.2349
direct,27,hit,37,1000000,5033892,5.0339
direct,27,miss,37,1000000,5028724,5.0287
baseline,27,na,38,1000000,1604866,1.6049
linear,27,hit,38,1000000,52876334,52.8763
linear,27,miss,38,1000000,69658412,69.6584
binary,27,hit,38,1000000,67934672,67.9347
binary,27,miss,38,1000000,62628254,62.6283
direct,27,hit,38,1000000,5034396,5.0344
direct,27,miss,38,1000000,5029790,5.0298
baseline,27,na,39,1000000,1604800,1.6048
linear,27,hit,39,1000000,53191364,53.1914
linear,27,miss,39,1000000,69618898,69.6189
binary,27,hit,39,1000000,68179290,68.1793
binary,27,miss,39,1000000,63052174,63.0522
direct,27,hit,39,1000000,5055836,5.0558
direct,27,miss,39,1000000,5029290,5.0293
baseline,27,na,40,1000000,1611068,1.6111
linear,27,hit,40,1000000,52974644,52.9746
linear,27,miss,40,1000000,69546290,69.5463
binary,27,hit,40,1000000,68198126,68.1981
binary,27,miss,40,1000000,62504164,62.5042
direct,27,hit,40,1000000,5028994,5.0290
direct,27,miss,40,1000000,5030974,5.0310
baseline,27,na,41,1000000,1619374,1.6194
linear,27,hit,41,1000000,53152654,53.1527
linear,27,miss,41,1000000,69533114,69.5331
binary,27,hit,41,1000000,67655810,67.6558
binary,27,miss,41,1000000,62681248,62.6812
direct,27,hit,41,1000000,5029062,5.0291
direct,27,miss,41,1000000,5029092,5.0291
baseline,27,na,42,1000000,1609362,1.6094
linear,27,hit,42,1000000,53212862,53.2129
linear,27,miss,42,1000000,69720296,69.7203
binary,27,hit,42,1000000,68782294,68.7823
binary,27,miss,42,1000000,62537620,62.5376
direct,27,hit,42,1000000,5069514,5.0695
direct,27,miss,42,1000000,5030784,5.0308
baseline,27,na,43,1000000,1611138,1.6111
linear,27,hit,43,1000000,53024398,53.0244
linear,27,miss,43,1000000,69621350,69.6214
binary,27,hit,43,1000000,68476504,68.4765
binary,27,miss,43,1000000,63754122,63.7541
direct,27,hit,43,1000000,5030338,5.0303
direct,27,miss,43,1000000,5029478,5.0295
baseline,27,na,44,1000000,1609152,1.6092
linear,27,hit,44,1000000,53147976,53.1480
linear,27,miss,44,1000000,69778392,69.7784
binary,27,hit,44,1000000,67860178,67.8602
binary,27,miss,44,1000000,62826984,62.8270
direct,27,hit,44,1000000,5053930,5.0539
direct,27,miss,44,1000000,5030058,5.0301
baseline,27,na,45,1000000,1608758,1.6088
linear,27,hit,45,1000000,53125676,53.1257
linear,27,miss,45,1000000,69608580,69.6086
binary,27,hit,45,1000000,68435478,68.4355
binary,27,miss,45,1000000,63165078,63.1651
direct,27,hit,45,1000000,5032864,5.0329
direct,27,miss,45,1000000,5028794,5.0288
baseline,27,na,46,1000000,1604974,1.6050
linear,27,hit,46,1000000,53088370,53.0884
linear,27,miss,46,1000000,69475332,69.4753
binary,27,hit,46,1000000,67879310,67.8793
binary,27,miss,46,1000000,62918170,62.9182
direct,27,hit,46,1000000,5032942,5.0329
direct,27,miss,46,1000000,5028686,5.0287
baseline,27,na,47,1000000,1605732,1.6057
linear,27,hit,47,1000000,53117890,53.1179
linear,27,miss,47,1000000,69552322,69.5523
binary,27,hit,47,1000000,68524626,68.5246
binary,27,miss,47,1000000,63726570,63.7266
direct,27,hit,47,1000000,5029960,5.0300
direct,27,miss,47,1000000,5028760,5.0288
baseline,27,na,48,1000000,1608950,1.6090
linear,27,hit,48,1000000,53210072,53.2101
linear,27,miss,48,1000000,69808280,69.8083
binary,27,hit,48,1000000,69362462,69.3625
binary,27,miss,48,1000000,63742032,63.7420
direct,27,hit,48,1000000,5034714,5.0347
direct,27,miss,48,1000000,5028974,5.0290
baseline,27,na,49,1000000,1605792,1.6058
linear,27,hit,49,1000000,53175974,53.1760
linear,27,miss,49,1000000,69550562,69.5506
binary,27,hit,49,1000000,68027088,68.0271
binary,27,miss,49,1000000,63006864,63.0069
direct,27,hit,49,1000000,5028894,5.0289
direct,27,miss,49,1000000,5029396,5.0294
baseline,32,na,0,1000000,1609074,1.6091
linear,32,hit,0,1000000,56164806,56.1648
linear,32,miss,0,1000000,74116054,74.1161
binary,32,hit,0,1000000,73898168,73.8982
binary,32,miss,0,1000000,69013108,69.0131
direct,32,hit,0,1000000,5029088,5.0291
direct,32,miss,0,1000000,5028698,5.0287
baseline,32,na,1,1000000,1609686,1.6097
linear,32,hit,1,1000000,56310834,56.3108
linear,32,miss,1,1000000,74717534,74.7175
binary,32,hit,1,1000000,71568474,71.5685
binary,32,miss,1,1000000,68055558,68.0556
direct,32,hit,1,1000000,5028962,5.0290
direct,32,miss,1,1000000,5042270,5.0423
baseline,32,na,2,1000000,1605580,1.6056
linear,32,hit,2,1000000,56276312,56.2763
linear,32,miss,2,1000000,74487352,74.4874
binary,32,hit,2,1000000,73263834,73.2638
binary,32,miss,2,1000000,67997694,67.9977
direct,32,hit,2,1000000,5038582,5.0386
direct,32,miss,2,1000000,5037378,5.0374
baseline,32,na,3,1000000,1627096,1.6271
linear,32,hit,3,1000000,56259848,56.2598
linear,32,miss,3,1000000,74364710,74.3647
binary,32,hit,3,1000000,72955880,72.9559
binary,32,miss,3,1000000,68899894,68.8999
direct,32,hit,3,1000000,5029020,5.0290
direct,32,miss,3,1000000,5030148,5.0301
baseline,32,na,4,1000000,1610064,1.6101
linear,32,hit,4,1000000,56180700,56.1807
linear,32,miss,4,1000000,74267276,74.2673
binary,32,hit,4,1000000,72346416,72.3464
binary,32,miss,4,1000000,67739680,67.7397
direct,32,hit,4,1000000,5029220,5.0292
direct,32,miss,4,1000000,5037904,5.0379
baseline,32,na,5,1000000,1675408,1.6754
linear,32,hit,5,1000000,56569616,56.5696
linear,32,miss,5,1000000,77193858,77.1939
binary,32,hit,5,1000000,72014856,72.0149
binary,32,miss,5,1000000,70976774,70.9768
direct,32,hit,5,1000000,5041390,5.0414
direct,32,miss,5,1000000,5031520,5.0315
baseline,32,na,6,1000000,1610248,1.6102
linear,32,hit,6,1000000,56236560,56.2366
linear,32,miss,6,1000000,74172470,74.1725
binary,32,hit,6,1000000,74018158,74.0182
binary,32,miss,6,1000000,70956782,70.9568
direct,32,hit,6,1000000,5030634,5.0306
direct,32,miss,6,1000000,5062526,5.0625
baseline,32,na,7,1000000,1604712,1.6047
linear,32,hit,7,1000000,56439728,56.4397
linear,32,miss,7,1000000,74343342,74.3433
binary,32,hit,7,1000000,74059582,74.0596
binary,32,miss,7,1000000,69878082,69.8781
direct,32,hit,7,1000000,5035330,5.0353
direct,32,miss,7,1000000,5029272,5.0293
baseline,32,na,8,1000000,1610590,1.6106
linear,32,hit,8,1000000,56262498,56.2625
linear,32,miss,8,1000000,74703118,74.7031
binary,32,hit,8,1000000,73180636,73.1806
binary,32,miss,8,1000000,69262328,69.2623
direct,32,hit,8,1000000,5030508,5.0305
direct,32,miss,8,1000000,5033234,5.0332
baseline,32,na,9,1000000,1605848,1.6058
linear,32,hit,9,1000000,56361138,56.3611
linear,32,miss,9,1000000,74142696,74.1427
binary,32,hit,9,1000000,72817652,72.8177
binary,32,miss,9,1000000,69630338,69.6303
direct,32,hit,9,1000000,5028970,5.0290
direct,32,miss,9,1000000,5028798,5.0288
baseline,32,na,10,1000000,1610130,1.6101
linear,32,hit,10,1000000,56291936,56.2919
linear,32,miss,10,1000000,74855400,74.8554
binary,32,hit,10,1000000,73034610,73.0346
binary,32,miss,10,1000000,69629772,69.6298
direct,32,hit,10,1000000,5031768,5.0318
direct,32,miss,10,1000000,5030074,5.0301
baseline,32,na,11,1000000,1609830,1.6098
linear,32,hit,11,1000000,56159692,56.1597
linear,32,miss,11,1000000,74436522,74.4365
binary,32,hit,11,1000000,72591022,72.5910
binary,32,miss,11,1000000,69257408,69.2574
direct,32,hit,11,1000000,5028934,5.0289
direct,32,miss,11,1000000,5028852,5.0289
baseline,32,na,12,1000000,1610134,1.6101
linear,32,hit,12,1000000,56141908,56.1419
linear,32,miss,12,1000000,73519458,73.5195
binary,32,hit,12,1000000,71845388,71.8454
binary,32,miss,12,1000000,67499028,67.4990
direct,32,hit,12,1000000,5028744,5.0287
direct,32,miss,12,1000000,5045294,5.0453
baseline,32,na,13,1000000,1609552,1.6096
linear,32,hit,13,1000000,56347258,56.3473
linear,32,miss,13,1000000,74075054,74.0751
binary,32,hit,13,1000000,71683652,71.6837
binary,32,miss,13,1000000,69280962,69.2810
direct,32,hit,13,1000000,5029894,5.0299
direct,32,miss,13,1000000,5029424,5.0294
baseline,32,na,14,1000000,1609960,1.6100
linear,32,hit,14,1000000,56168392,56.1684
linear,32,miss,14,1000000,74367152,74.3672
binary,32,hit,14,1000000,71661708,71.6617
binary,32,miss,14,1000000,68417470,68.4175
direct,32,hit,14,1000000,5066602,5.0666
direct,32,miss,14,1000000,5036384,5.0364
baseline,32,na,15,1000000,1604616,1.6046
linear,32,hit,15,1000000,56282272,56.2823
linear,32,miss,15,1000000,74216600,74.2166
binary,32,hit,15,1000000,72227670,72.2277
binary,32,miss,15,1000000,68491716,68.4917
direct,32,hit,15,1000000,5043936,5.0439
direct,32,miss,15,1000000,5028800,5.0288
baseline,32,na,16,1000000,1610586,1.6106
linear,32,hit,16,1000000,56409666,56.4097
linear,32,miss,16,1000000,74457850,74.4578
binary,32,hit,16,1000000,72309724,72.3097
binary,32,miss,16,1000000,69081292,69.0813
direct,32,hit,16,1000000,5029200,5.0292
direct,32,miss,16,1000000,5033014,5.0330
baseline,32,na,17,1000000,1604476,1.6045
linear,32,hit,17,1000000,56349132,56.3491
linear,32,miss,17,1000000,74060986,74.0610
binary,32,hit,17,1000000,72069418,72.0694
binary,32,miss,17,1000000,70035732,70.0357
direct,32,hit,17,1000000,5028758,5.0288
direct,32,miss,17,1000000,5052984,5.0530
baseline,32,na,18,1000000,1611306,1.6113
linear,32,hit,18,1000000,56358888,56.3589
linear,32,miss,18,1000000,74582156,74.5822
binary,32,hit,18,1000000,72558868,72.5589
binary,32,miss,18,1000000,69229186,69.2292
direct,32,hit,18,1000000,5030226,5.0302
direct,32,miss,18,1000000,5029156,5.0292
baseline,32,na,19,1000000,1610028,1.6100
linear,32,hit,19,1000000,56280010,56.2800
linear,32,miss,19,1000000,74487244,74.4872
binary,32,hit,19,1000000,72558650,72.5587
binary,32,miss,19,1000000,69153652,69.1537
direct,32,hit,19,1000000,5033922,5.0339
direct,32,miss,19,1000000,5028886,5.0289
baseline,32,na,20,1000000,1603992,1.6040
linear,32,hit,20,1000000,56418676,56.4187
linear,32,miss,20,1000000,74507084,74.5071
binary,32,hit,20,1000000,72045514,72.0455
binary,32,miss,20,1000000,68517868,68.5179
direct,32,hit,20,1000000,5033340,5.0333
direct,32,miss,20,1000000,5028738,5.0287
baseline,32,na,21,1000000,1605128,1.6051
linear,32,hit,21,1000000,56367208,56.3672
linear,32,miss,21,1000000,74496766,74.4968
binary,32,hit,21,1000000,71591546,71.5915
binary,32,miss,21,1000000,68865352,68.8654
direct,32,hit,21,1000000,5032736,5.0327
direct,32,miss,21,1000000,5035280,5.0353
baseline,32,na,22,1000000,1603926,1.6039
linear,32,hit,22,1000000,56316158,56.3162
linear,32,miss,22,1000000,73557176,73.5572
binary,32,hit,22,1000000,71338704,71.3387
binary,32,miss,22,1000000,69560928,69.5609
direct,32,hit,22,1000000,5030336,5.0303
direct,32,miss,22,1000000,5029316,5.0293
baseline,32,na,23,1000000,1613056,1.6131
linear,32,hit,23,1000000,56403216,56.4032
linear,32,miss,23,1000000,74825838,74.8258
binary,32,hit,23,1000000,70983438,70.9834
binary,32,miss,23,1000000,69973816,69.9738
direct,32,hit,23,1000000,5029812,5.0298
direct,32,miss,23,1000000,5029454,5.0295
baseline,32,na,24,1000000,1611506,1.6115
linear,32,hit,24,1000000,56184832,56.1848
linear,32,miss,24,1000000,74403068,74.4031
binary,32,hit,24,1000000,72325554,72.3256
binary,32,miss,24,1000000,69085178,69.0852
direct,32,hit,24,1000000,5028796,5.0288
direct,32,miss,24,1000000,5028710,5.0287
baseline,32,na,25,1000000,1609148,1.6091
linear,32,hit,25,1000000,56193030,56.1930
linear,32,miss,25,1000000,74361886,74.3619
binary,32,hit,25,1000000,73248414,73.2484
binary,32,miss,25,1000000,68586458,68.5865
direct,32,hit,25,1000000,5033526,5.0335
direct,32,miss,25,1000000,5028934,5.0289
baseline,32,na,26,1000000,1605352,1.6054
linear,32,hit,26,1000000,56244818,56.2448
linear,32,miss,26,1000000,74639798,74.6398
binary,32,hit,26,1000000,71478624,71.4786
binary,32,miss,26,1000000,68834282,68.8343
direct,32,hit,26,1000000,5029906,5.0299
direct,32,miss,26,1000000,5033470,5.0335
baseline,32,na,27,1000000,1604274,1.6043
linear,32,hit,27,1000000,56191184,56.1912
linear,32,miss,27,1000000,74337070,74.3371
binary,32,hit,27,1000000,71340962,71.3410
binary,32,miss,27,1000000,68844510,68.8445
direct,32,hit,27,1000000,5062938,5.0629
direct,32,miss,27,1000000,5029580,5.0296
baseline,32,na,28,1000000,1610590,1.6106
linear,32,hit,28,1000000,56221902,56.2219
linear,32,miss,28,1000000,74195212,74.1952
binary,32,hit,28,1000000,71600986,71.6010
binary,32,miss,28,1000000,68352890,68.3529
direct,32,hit,28,1000000,5029038,5.0290
direct,32,miss,28,1000000,5032928,5.0329
baseline,32,na,29,1000000,1604964,1.6050
linear,32,hit,29,1000000,56247850,56.2478
linear,32,miss,29,1000000,74840732,74.8407
binary,32,hit,29,1000000,71476256,71.4763
binary,32,miss,29,1000000,69669100,69.6691
direct,32,hit,29,1000000,5032630,5.0326
direct,32,miss,29,1000000,5028824,5.0288
baseline,32,na,30,1000000,1604938,1.6049
linear,32,hit,30,1000000,56238368,56.2384
linear,32,miss,30,1000000,74319136,74.3191
binary,32,hit,30,1000000,70914192,70.9142
binary,32,miss,30,1000000,69360092,69.3601
direct,32,hit,30,1000000,5031082,5.0311
direct,32,miss,30,1000000,5029106,5.0291
baseline,32,na,31,1000000,1610304,1.6103
linear,32,hit,31,1000000,56491732,56.4917
linear,32,miss,31,1000000,74310800,74.3108
binary,32,hit,31,1000000,71720202,71.7202
binary,32,miss,31,1000000,67232356,67.2324
direct,32,hit,31,1000000,5028934,5.0289
direct,32,miss,31,1000000,5033874,5.0339
baseline,32,na,32,1000000,1604678,1.6047
linear,32,hit,32,1000000,56348160,56.3482
linear,32,miss,32,1000000,74365402,74.3654
binary,32,hit,32,1000000,72441376,72.4414
binary,32,miss,32,1000000,68149906,68.1499
direct,32,hit,32,1000000,5029658,5.0297
direct,32,miss,32,1000000,5029094,5.0291
baseline,32,na,33,1000000,1609754,1.6098
linear,32,hit,33,1000000,56335198,56.3352
linear,32,miss,33,1000000,74875870,74.8759
binary,32,hit,33,1000000,72788086,72.7881
binary,32,miss,33,1000000,68177064,68.1771
direct,32,hit,33,1000000,5043218,5.0432
direct,32,miss,33,1000000,5051694,5.0517
baseline,32,na,34,1000000,1605374,1.6054
linear,32,hit,34,1000000,56579306,56.5793
linear,32,miss,34,1000000,74181246,74.1812
binary,32,hit,34,1000000,73418168,73.4182
binary,32,miss,34,1000000,67899850,67.8999
direct,32,hit,34,1000000,5033864,5.0339
direct,32,miss,34,1000000,5030196,5.0302
baseline,32,na,35,1000000,1609352,1.6094
linear,32,hit,35,1000000,56341412,56.3414
linear,32,miss,35,1000000,74290734,74.2907
binary,32,hit,35,1000000,74348200,74.3482
binary,32,miss,35,1000000,68105826,68.1058
direct,32,hit,35,1000000,5028972,5.0290
direct,32,miss,35,1000000,5028636,5.0286
baseline,32,na,36,1000000,1609922,1.6099
linear,32,hit,36,1000000,56266192,56.2662
linear,32,miss,36,1000000,73891026,73.8910
binary,32,hit,36,1000000,72583230,72.5832
binary,32,miss,36,1000000,67752036,67.7520
direct,32,hit,36,1000000,5028910,5.0289
direct,32,miss,36,1000000,5029056,5.0291
baseline,32,na,37,1000000,1609324,1.6093
linear,32,hit,37,1000000,56309962,56.3100
linear,32,miss,37,1000000,74110002,74.1100
binary,32,hit,37,1000000,71878144,71.8781
binary,32,miss,37,1000000,67862896,67.8629
direct,32,hit,37,1000000,5028920,5.0289
direct,32,miss,37,1000000,5030898,5.0309
baseline,32,na,38,1000000,1610360,1.6104
linear,32,hit,38,1000000,56230950,56.2309
linear,32,miss,38,1000000,74538664,74.5387
binary,32,hit,38,1000000,72381786,72.3818
binary,32,miss,38,1000000,67229684,67.2297
direct,32,hit,38,1000000,5034576,5.0346
direct,32,miss,38,1000000,5041958,5.0420
baseline,32,na,39,1000000,1606132,1.6061
linear,32,hit,39,1000000,56638926,56.6389
linear,32,miss,39,1000000,74038262,74.0383
binary,32,hit,39,1000000,71713572,71.7136
binary,32,miss,39,1000000,67564730,67.5647
direct,32,hit,39,1000000,5037282,5.0373
direct,32,miss,39,1000000,5032550,5.0325
baseline,32,na,40,1000000,1612356,1.6124
linear,32,hit,40,1000000,56386562,56.3866
linear,32,miss,40,1000000,74268638,74.2686
binary,32,hit,40,1000000,72629092,72.6291
binary,32,miss,40,1000000,68793430,68.7934
direct,32,hit,40,1000000,8053860,8.0539
direct,32,miss,40,1000000,8064490,8.0645
baseline,32,na,41,1000000,3049336,3.0493
linear,32,hit,41,1000000,57985434,57.9854
linear,32,miss,41,1000000,74548384,74.5484
binary,32,hit,41,1000000,71982688,71.9827
binary,32,miss,41,1000000,67496280,67.4963
direct,32,hit,41,1000000,5029724,5.0297
direct,32,miss,41,1000000,5031090,5.0311
baseline,32,na,42,1000000,1609840,1.6098
linear,32,hit,42,1000000,56390494,56.3905
linear,32,miss,42,1000000,74073258,74.0733
binary,32,hit,42,1000000,71942528,71.9425
binary,32,miss,42,1000000,68265518,68.2655
direct,32,hit,42,1000000,5030566,5.0306
direct,32,miss,42,1000000,5039806,5.0398
baseline,32,na,43,1000000,1612918,1.6129
linear,32,hit,43,1000000,56308292,56.3083
linear,32,miss,43,1000000,75052732,75.0527
binary,32,hit,43,1000000,72472862,72.4729
binary,32,miss,43,1000000,67877786,67.8778
direct,32,hit,43,1000000,5032656,5.0327
direct,32,miss,43,1000000,5031542,5.0315
baseline,32,na,44,1000000,1611890,1.6119
linear,32,hit,44,1000000,56429198,56.4292
linear,32,miss,44,1000000,74234542,74.2345
binary,32,hit,44,1000000,71934052,71.9341
binary,32,miss,44,1000000,68462222,68.4622
direct,32,hit,44,1000000,5033078,5.0331
direct,32,miss,44,1000000,5030478,5.0305
baseline,32,na,45,1000000,1604934,1.6049
linear,32,hit,45,1000000,56446762,56.4468
linear,32,miss,45,1000000,73799310,73.7993
binary,32,hit,45,1000000,72602672,72.6027
binary,32,miss,45,1000000,68220276,68.2203
direct,32,hit,45,1000000,5229826,5.2298
direct,32,miss,45,1000000,5054264,5.0543
baseline,32,na,46,1000000,1606256,1.6063
linear,32,hit,46,1000000,59724718,59.7247
linear,32,miss,46,1000000,74503260,74.5033
binary,32,hit,46,1000000,74243698,74.2437
binary,32,miss,46,1000000,67516344,67.5163
direct,32,hit,46,1000000,5033078,5.0331
direct,32,miss,46,1000000,5033580,5.0336
baseline,32,na,47,1000000,1609080,1.6091
linear,32,hit,47,1000000,56270422,56.2704
linear,32,miss,47,1000000,74910734,74.9107
binary,32,hit,47,1000000,71698936,71.6989
binary,32,miss,47,1000000,68993922,68.9939
direct,32,hit,47,1000000,5032464,5.0325
direct,32,miss,47,1000000,5035378,5.0354
baseline,32,na,48,1000000,1605536,1.6055
linear,32,hit,48,1000000,56222178,56.2222
linear,32,miss,48,1000000,74697136,74.6971
binary,32,hit,48,1000000,73068668,73.0687
binary,32,miss,48,1000000,68816284,68.8163
direct,32,hit,48,1000000,5029468,5.0295
direct,32,miss,48,1000000,5031754,5.0318
baseline,32,na,49,1000000,1609722,1.6097
linear,32,hit,49,1000000,56390420,56.3904
linear,32,miss,49,1000000,74302658,74.3027
binary,32,hit,49,1000000,72947592,72.9476
binary,32,miss,49,1000000,68737096,68.7371
direct,32,hit,49,1000000,5029268,5.0293
direct,32,miss,49,1000000,5029804,5.0298
baseline,64,na,0,1000000,1605060,1.6051
linear,64,hit,0,1000000,76741710,76.7417
linear,64,miss,0,1000000,111997684,111.9977
binary,64,hit,0,1000000,98409982,98.4100
binary,64,miss,0,1000000,97750302,97.7503
direct,64,hit,0,1000000,5028756,5.0288
direct,64,miss,0,1000000,5028994,5.0290
baseline,64,na,1,1000000,1609154,1.6092
linear,64,hit,1,1000000,76766890,76.7669
linear,64,miss,1,1000000,112117568,112.1176
binary,64,hit,1,1000000,94839394,94.8394
binary,64,miss,1,1000000,94624936,94.6249
direct,64,hit,1,1000000,5029176,5.0292
direct,64,miss,1,1000000,5031936,5.0319
baseline,64,na,2,1000000,1608942,1.6089
linear,64,hit,2,1000000,76753008,76.7530
linear,64,miss,2,1000000,112157786,112.1578
binary,64,hit,2,1000000,95296936,95.2969
binary,64,miss,2,1000000,98790850,98.7909
direct,64,hit,2,1000000,5029076,5.0291
direct,64,miss,2,1000000,5029480,5.0295
baseline,64,na,3,1000000,1615706,1.6157
linear,64,hit,3,1000000,76834018,76.8340
linear,64,miss,3,1000000,112057594,112.0576
binary,64,hit,3,1000000,98356806,98.3568
binary,64,miss,3,1000000,98956396,98.9564
direct,64,hit,3,1000000,5035448,5.0354
direct,64,miss,3,1000000,5030852,5.0309
baseline,64,na,4,1000000,1609978,1.6100
linear,64,hit,4,1000000,76808550,76.8085
linear,64,miss,4,1000000,112189338,112.1893
binary,64,hit,4,1000000,97882182,97.8822
binary,64,miss,4,1000000,93906972,93.9070
direct,64,hit,4,1000000,5028996,5.0290
direct,64,miss,4,1000000,5035332,5.0353
baseline,64,na,5,1000000,1604260,1.6043
linear,64,hit,5,1000000,76804482,76.8045
linear,64,miss,5,1000000,112076740,112.0767
binary,64,hit,5,1000000,97063794,97.0638
binary,64,miss,5,1000000,94766774,94.7668
direct,64,hit,5,1000000,5078722,5.0787
direct,64,miss,5,1000000,5037904,5.0379
baseline,64,na,6,1000000,1614138,1.6141
linear,64,hit,6,1000000,76800392,76.8004
linear,64,miss,6,1000000,112060632,112.0606
binary,64,hit,6,1000000,98876920,98.8769
binary,64,miss,6,1000000,94434300,94.4343
direct,64,hit,6,1000000,5033100,5.0331
direct,64,miss,6,1000000,5030048,5.0300
baseline,64,na,7,1000000,1618722,1.6187
linear,64,hit,7,1000000,76924290,76.9243
linear,64,miss,7,1000000,112078334,112.0783
binary,64,hit,7,1000000,99055782,99.0558
binary,64,miss,7,1000000,98570016,98.5700
direct,64,hit,7,1000000,5033384,5.0334
direct,64,miss,7,1000000,5028818,5.0288
baseline,64,na,8,1000000,1605192,1.6052
linear,64,hit,8,1000000,76796400,76.7964
linear,64,miss,8,1000000,112345242,112.3452
binary,64,hit,8,1000000,99310062,99.3101
binary,64,miss,8,1000000,95357908,95.3579
direct,64,hit,8,1000000,5029572,5.0296
direct,64,miss,8,1000000,5028774,5.0288
baseline,64,na,9,1000000,1609106,1.6091
linear,64,hit,9,1000000,76875032,76.8750
linear,64,miss,9,1000000,112064386,112.0644
binary,64,hit,9,1000000,97973466,97.9735
binary,64,miss,9,1000000,94810052,94.8101
direct,64,hit,9,1000000,5030102,5.0301
direct,64,miss,9,1000000,5031286,5.0313
baseline,64,na,10,1000000,1609710,1.6097
linear,64,hit,10,1000000,76791564,76.7916
linear,64,miss,10,1000000,112047338,112.0473
binary,64,hit,10,1000000,100724646,100.7246
binary,64,miss,10,1000000,97746682,97.7467
direct,64,hit,10,1000000,5029586,5.0296
direct,64,miss,10,1000000,5029424,5.0294
baseline,64,na,11,1000000,1609942,1.6099
linear,64,hit,11,1000000,76769106,76.7691
linear,64,miss,11,1000000,112035412,112.0354
binary,64,hit,11,1000000,96951472,96.9515
binary,64,miss,11,1000000,94759888,94.7599
direct,64,hit,11,1000000,5029084,5.0291
direct,64,miss,11,1000000,5034788,5.0348
baseline,64,na,12,1000000,1604802,1.6048
linear,64,hit,12,1000000,76726104,76.7261
linear,64,miss,12,1000000,112033846,112.0338
binary,64,hit,12,1000000,98713442,98.7134
binary,64,miss,12,1000000,94803762,94.8038
direct,64,hit,12,1000000,5032038,5.0320
direct,64,miss,12,1000000,5033238,5.0332
baseline,64,na,13,1000000,1605364,1.6054
linear,64,hit,13,1000000,76818454,76.8185
linear,64,miss,13,1000000,112038810,112.0388
binary,64,hit,13,1000000,101970724,101.9707
binary,64,miss,13,1000000,95769018,95.7690
direct,64,hit,13,1000000,5030892,5.0309
direct,64,miss,13,1000000,5028756,5.0288
baseline,64,na,14,1000000,1609744,1.6097
linear,64,hit,14,1000000,76774900,76.7749
linear,64,miss,14,1000000,112098628,112.0986
binary,64,hit,14,1000000,97093672,97.0937
binary,64,miss,14,1000000,93595330,93.5953
direct,64,hit,14,1000000,5040054,5.0401
direct,64,miss,14,1000000,5032302,5.0323
baseline,64,na,15,1000000,1610160,1.6102
linear,64,hit,15,1000000,76859452,76.8595
linear,64,miss,15,1000000,112145696,112.1457
binary,64,hit,15,1000000,98804034,98.8040
binary,64,miss,15,1000000,97385070,97.3851
direct,64,hit,15,1000000,5029234,5.0292
direct,64,miss,15,1000000,5028738,5.0287
baseline,64,na,16,1000000,1609376,1.6094
linear,64,hit,16,1000000,76810542,76.8105
linear,64,miss,16,1000000,112026192,112.0262
binary,64,hit,16,1000000,97266350,97.2664
binary,64,miss,16,1000000,95201580,95.2016
direct,64,hit,16,1000000,5029052,5.0291
direct,64,miss,16,1000000,5030956,5.0310
baseline,64,na,17,1000000,1610224,1.6102
linear,64,hit,17,1000000,76813934,76.8139
linear,64,miss,17,1000000,112137066,112.1371
binary,64,hit,17,1000000,100254382,100.2544
binary,64,miss,17,1000000,96150714,96.1507
direct,64,hit,17,1000000,5028964,5.0290
direct,64,miss,17,1000000,5028858,5.0289
baseline,64,na,18,1000000,1609424,1.6094
linear,64,hit,18,1000000,76845452,76.8455
linear,64,miss,18,1000000,112055048,112.0550
binary,64,hit,18,1000000,97175868,97.1759
binary,64,miss,18,1000000,96893414,96.8934
direct,64,hit,18,1000000,5029142,5.0291
direct,64,miss,18,1000000,5034842,5.0348
baseline,64,na,19,1000000,1605136,1.6051
linear,64,hit,19,1000000,76843210,76.8432
linear,64,miss,19,1000000,112061410,112.0614
binary,64,hit,19,1000000,101141114,101.1411
binary,64,miss,19,1000000,98161640,98.1616
direct,64,hit,19,1000000,5028982,5.0290
direct,64,miss,19,1000000,5029842,5.0298
baseline,64,na,20,1000000,1620068,1.6201
linear,64,hit,20,1000000,76672710,76.6727
linear,64,miss,20,1000000,112038406,112.0384
binary,64,hit,20,1000000,97125896,97.1259
binary,64,miss,20,1000000,96018870,96.0189
direct,64,hit,20,1000000,5031948,5.0319
direct,64,miss,20,1000000,5029376,5.0294
baseline,64,na,21,1000000,1610106,1.6101
linear,64,hit,21,1000000,76862826,76.8628
linear,64,miss,21,1000000,112183908,112.1839
binary,64,hit,21,1000000,98377372,98.3774
binary,64,miss,21,1000000,95121820,95.1218
direct,64,hit,21,1000000,5029188,5.0292
direct,64,miss,21,1000000,5028704,5.0287
baseline,64,na,22,1000000,1609188,1.6092
linear,64,hit,22,1000000,76760026,76.7600
linear,64,miss,22,1000000,112032022,112.0320
binary,64,hit,22,1000000,97080230,97.0802
binary,64,miss,22,1000000,96173400,96.1734
direct,64,hit,22,1000000,5029282,5.0293
direct,64,miss,22,1000000,5040166,5.0402
baseline,64,na,23,1000000,1609650,1.6097
linear,64,hit,23,1000000,76687006,76.6870
linear,64,miss,23,1000000,112054590,112.0546
binary,64,hit,23,1000000,96657448,96.6574
binary,64,miss,23,1000000,96998296,96.9983
direct,64,hit,23,1000000,5028864,5.0289
direct,64,miss,23,1000000,5029798,5.0298
baseline,64,na,24,1000000,1609242,1.6092
linear,64,hit,24,1000000,76821038,76.8210
linear,64,miss,24,1000000,112087844,112.0878
binary,64,hit,24,1000000,97513034,97.5130
binary,64,miss,24,1000000,94356304,94.3563
direct,64,hit,24,1000000,5034652,5.0347
direct,64,miss,24,1000000,5030290,5.0303
baseline,64,na,25,1000000,1609624,1.6096
linear,64,hit,25,1000000,76761702,76.7617
linear,64,miss,25,1000000,112092786,112.0928
binary,64,hit,25,1000000,96929922,96.9299
binary,64,miss,25,1000000,97789214,97.7892
direct,64,hit,25,1000000,5029060,5.0291
direct,64,miss,25,1000000,5030930,5.0309
baseline,64,na,26,1000000,1609024,1.6090
linear,64,hit,26,1000000,76811296,76.8113
linear,64,miss,26,1000000,117164070,117.1641
binary,64,hit,26,1000000,96414066,96.4141
binary,64,miss,26,1000000,94427304,94.4273
direct,64,hit,26,1000000,5031708,5.0317
direct,64,miss,26,1000000,5033690,5.0337
baseline,64,na,27,1000000,1609712,1.6097
linear,64,hit,27,1000000,76799054,76.7991
linear,64,miss,27,1000000,112400588,112.4006
binary,64,hit,27,1000000,97812746,97.8127
binary,64,miss,27,1000000,95679166,95.6792
direct,64,hit,27,1000000,5034044,5.0340
direct,64,miss,27,1000000,5031710,5.0317
baseline,64,na,28,1000000,1609416,1.6094
linear,64,hit,28,1000000,77122750,77.1227
linear,64,miss,28,1000000,112078530,112.0785
binary,64,hit,28,1000000,99699706,99.6997
binary,64,miss,28,1000000,96023304,96.0233
direct,64,hit,28,1000000,5030666,5.0307
direct,64,miss,28,1000000,5030320,5.0303
baseline,64,na,29,1000000,1609368,1.6094
linear,64,hit,29,1000000,76805124,76.8051
linear,64,miss,29,1000000,112041636,112.0416
binary,64,hit,29,1000000,95403396,95.4034
binary,64,miss,29,1000000,96205378,96.2054
direct,64,hit,29,1000000,5028724,5.0287
direct,64,miss,29,1000000,5033690,5.0337
baseline,64,na,30,1000000,1605876,1.6059
linear,64,hit,30,1000000,77014868,77.0149
linear,64,miss,30,1000000,111976676,111.9767
binary,64,hit,30,1000000,97591384,97.5914
binary,64,miss,30,1000000,93498580,93.4986
direct,64,hit,30,1000000,5033500,5.0335
direct,64,miss,30,1000000,5029058,5.0291
baseline,64,na,31,1000000,1604934,1.6049
linear,64,hit,31,1000000,76875624,76.8756
linear,64,miss,31,1000000,112011420,112.0114
binary,64,hit,31,1000000,98785050,98.7850
binary,64,miss,31,1000000,94854078,94.8541
direct,64,hit,31,1000000,5033594,5.0336
direct,64,miss,31,1000000,5029384,5.0294
baseline,64,na,32,1000000,1605484,1.6055
linear,64,hit,32,1000000,76834070,76.8341
linear,64,miss,32,1000000,112123412,112.1234
binary,64,hit,32,1000000,96950624,96.9506
binary,64,miss,32,1000000,94307710,94.3077
direct,64,hit,32,1000000,5029138,5.0291
direct,64,miss,32,1000000,5029014,5.0290
baseline,64,na,33,1000000,1609530,1.6095
linear,64,hit,33,1000000,77098072,77.0981
linear,64,miss,33,1000000,112151902,112.1519
binary,64,hit,33,1000000,98395200,98.3952
binary,64,miss,33,1000000,94359980,94.3600
direct,64,hit,33,1000000,5033060,5.0331
direct,64,miss,33,1000000,5028734,5.0287
baseline,64,na,34,1000000,1604670,1.6047
linear,64,hit,34,1000000,76832360,76.8324
linear,64,miss,34,1000000,112005414,112.0054
binary,64,hit,34,1000000,96603892,96.6039
binary,64,miss,34,1000000,98055766,98.0558
direct,64,hit,34,1000000,5028906,5.0289
direct,64,miss,34,1000000,5029194,5.0292
baseline,64,na,35,1000000,1610308,1.6103
linear,64,hit,35,1000000,76854176,76.8542
linear,64,miss,35,1000000,112120746,112.1207
binary,64,hit,35,1000000,96456062,96.4561
binary,64,miss,35,1000000,96772800,96.7728
direct,64,hit,35,1000000,5034498,5.0345
direct,64,miss,35,1000000,5029414,5.0294
baseline,64,na,36,1000000,1610828,1.6108
linear,64,hit,36,1000000,76784722,76.7847
linear,64,miss,36,1000000,112018958,112.0190
binary,64,hit,36,1000000,99454720,99.4547
binary,64,miss,36,1000000,99212078,99.2121
direct,64,hit,36,1000000,5029298,5.0293
direct,64,miss,36,1000000,5028764,5.0288
baseline,64,na,37,1000000,1606080,1.6061
linear,64,hit,37,1000000,76720930,76.7209
linear,64,miss,37,1000000,112045376,112.0454
binary,64,hit,37,1000000,98912126,98.9121
binary,64,miss,37,1000000,101794866,101.7949
direct,64,hit,37,1000000,5035008,5.0350
direct,64,miss,37,1000000,5041562,5.0416
baseline,64,na,38,1000000,1604828,1.6048
linear,64,hit,38,1000000,76887616,76.8876
linear,64,miss,38,1000000,111995860,111.9959
binary,64,hit,38,1000000,97887964,97.8880
binary,64,miss,38,1000000,103313810,103.3138
direct,64,hit,38,1000000,5032538,5.0325
direct,64,miss,38,1000000,5031570,5.0316
baseline,64,na,39,1000000,1609274,1.6093
linear,64,hit,39,1000000,76842726,76.8427
linear,64,miss,39,1000000,112119750,112.1197
binary,64,hit,39,1000000,96048650,96.0486
binary,64,miss,39,1000000,104119976,104.1200
direct,64,hit,39,1000000,5035086,5.0351
direct,64,miss,39,1000000,5031260,5.0313
baseline,64,na,40,1000000,1610910,1.6109
linear,64,hit,40,1000000,76758102,76.7581
linear,64,miss,40,1000000,112137224,112.1372
binary,64,hit,40,1000000,97256826,97.2568
binary,64,miss,40,1000000,103561898,103.5619
direct,64,hit,40,1000000,5029198,5.0292
direct,64,miss,40,1000000,5028784,5.0288
baseline,64,na,41,1000000,1609382,1.6094
linear,64,hit,41,1000000,76868762,76.8688
linear,64,miss,41,1000000,112089340,112.0893
binary,64,hit,41,1000000,100078306,100.0783
binary,64,miss,41,1000000,103715456,103.7155
direct,64,hit,41,1000000,5036328,5.0363
direct,64,miss,41,1000000,5028976,5.0290
baseline,64,na,42,1000000,1605726,1.6057
linear,64,hit,42,1000000,76791448,76.7914
linear,64,miss,42,1000000,112167700,112.1677
binary,64,hit,42,1000000,98662508,98.6625
binary,64,miss,42,1000000,103448552,103.4486
direct,64,hit,42,1000000,5029964,5.0300
direct,64,miss,42,1000000,5036412,5.0364
baseline,64,na,43,1000000,1605358,1.6054
linear,64,hit,43,1000000,76818030,76.8180
linear,64,miss,43,1000000,112091128,112.0911
binary,64,hit,43,1000000,98634896,98.6349
binary,64,miss,43,1000000,101811830,101.8118
direct,64,hit,43,1000000,5029156,5.0292
direct,64,miss,43,1000000,5033346,5.0333
baseline,64,na,44,1000000,1604750,1.6047
linear,64,hit,44,1000000,76749604,76.7496
linear,64,miss,44,1000000,112104808,112.1048
binary,64,hit,44,1000000,99939992,99.9400
binary,64,miss,44,1000000,102929450,102.9295
direct,64,hit,44,1000000,5033632,5.0336
direct,64,miss,44,1000000,5034730,5.0347
baseline,64,na,45,1000000,1605162,1.6052
linear,64,hit,45,1000000,76740930,76.7409
linear,64,miss,45,1000000,111945262,111.9453
binary,64,hit,45,1000000,98032010,98.0320
binary,64,miss,45,1000000,105985568,105.9856
direct,64,hit,45,1000000,5028948,5.0289
direct,64,miss,45,1000000,5028732,5.0287
baseline,64,na,46,1000000,1571650,1.5716
linear,64,hit,46,1000000,76717544,76.7175
linear,64,miss,46,1000000,112036954,112.0370
binary,64,hit,46,1000000,125577786,125.5778
binary,64,miss,46,1000000,102993394,102.9934
direct,64,hit,46,1000000,5029692,5.0297
direct,64,miss,46,1000000,5032110,5.0321
baseline,64,na,47,1000000,1610128,1.6101
linear,64,hit,47,1000000,76667726,76.6677
linear,64,miss,47,1000000,112094318,112.0943
binary,64,hit,47,1000000,99391502,99.3915
binary,64,miss,47,1000000,98290090,98.2901
direct,64,hit,47,1000000,5032444,5.0324
direct,64,miss,47,1000000,5029132,5.0291
baseline,64,na,48,1000000,1609324,1.6093
linear,64,hit,48,1000000,76830160,76.8302
linear,64,miss,48,1000000,112091636,112.0916
binary,64,hit,48,1000000,96207812,96.2078
binary,64,miss,48,1000000,94734010,94.7340
direct,64,hit,48,1000000,5029080,5.0291
direct,64,miss,48,1000000,5031756,5.0318
baseline,64,na,49,1000000,1610216,1.6102
linear,64,hit,49,1000000,76805498,76.8055
linear,64,miss,49,1000000,112137774,112.1378
binary,64,hit,49,1000000,100755260,100.7553
binary,64,miss,49,1000000,97001240,97.0012
direct,64,hit,49,1000000,5029092,5.0291
direct,64,miss,49,1000000,5030714,5.0307
baseline,128,na,0,1000000,1609428,1.6094
linear,128,hit,0,1000000,119377290,119.3773
linear,128,miss,0,1000000,202885520,202.8855
binary,128,hit,0,1000000,123819688,123.8197
binary,128,miss,0,1000000,128483256,128.4833
direct,128,hit,0,1000000,5034046,5.0340
direct,128,miss,0,1000000,5036636,5.0366
baseline,128,na,1,1000000,1610962,1.6110
linear,128,hit,1,1000000,119119968,119.1200
linear,128,miss,1,1000000,202902218,202.9022
binary,128,hit,1,1000000,125940054,125.9401
binary,128,miss,1,1000000,128370150,128.3701
direct,128,hit,1,1000000,5028864,5.0289
direct,128,miss,1,1000000,5047138,5.0471
baseline,128,na,2,1000000,1609296,1.6093
linear,128,hit,2,1000000,119130598,119.1306
linear,128,miss,2,1000000,203463298,203.4633
binary,128,hit,2,1000000,126069746,126.0697
binary,128,miss,2,1000000,131463222,131.4632
direct,128,hit,2,1000000,5031276,5.0313
direct,128,miss,2,1000000,5028824,5.0288
baseline,128,na,3,1000000,1608774,1.6088
linear,128,hit,3,1000000,119109406,119.1094
linear,128,miss,3,1000000,202991004,202.9910
binary,128,hit,3,1000000,129696874,129.6969
binary,128,miss,3,1000000,132484764,132.4848
direct,128,hit,3,1000000,5032868,5.0329
direct,128,miss,3,1000000,5035788,5.0358
baseline,128,na,4,1000000,1605758,1.6058
linear,128,hit,4,1000000,119392760,119.3928
linear,128,miss,4,1000000,203461524,203.4615
binary,128,hit,4,1000000,125457774,125.4578
binary,128,miss,4,1000000,131744700,131.7447
direct,128,hit,4,1000000,5033584,5.0336
direct,128,miss,4,1000000,5046162,5.0462
baseline,128,na,5,1000000,1609800,1.6098
linear,128,hit,5,1000000,119144014,119.1440
linear,128,miss,5,1000000,202904450,202.9044
binary,128,hit,5,1000000,126963626,126.9636
binary,128,miss,5,1000000,130730744,130.7307
direct,128,hit,5,1000000,5033356,5.0334
direct,128,miss,5,1000000,5034888,5.0349
baseline,128,na,6,1000000,1609032,1.6090
linear,128,hit,6,1000000,119301294,119.3013
linear,128,miss,6,1000000,203141892,203.1419
binary,128,hit,6,1000000,124729136,124.7291
binary,128,miss,6,1000000,128498504,128.4985
direct,128,hit,6,1000000,5034740,5.0347
direct,128,miss,6,1000000,5030232,5.0302
baseline,128,na,7,1000000,1610348,1.6103
linear,128,hit,7,1000000,119143238,119.1432
linear,128,miss,7,1000000,202906916,202.9069
binary,128,hit,7,1000000,126601830,126.6018
binary,128,miss,7,1000000,130061804,130.0618
direct,128,hit,7,1000000,5360444,5.3604
direct,128,miss,7,1000000,5042992,5.0430
baseline,128,na,8,1000000,1606152,1.6062
linear,128,hit,8,1000000,119174492,119.1745
linear,128,miss,8,1000000,203106896,203.1069
binary,128,hit,8,1000000,127470106,127.4701
binary,128,miss,8,1000000,128460486,128.4605
direct,128,hit,8,1000000,5028944,5.0289
direct,128,miss,8,1000000,5033024,5.0330
baseline,128,na,9,1000000,1605770,1.6058
linear,128,hit,9,1000000,119130780,119.1308
linear,128,miss,9,1000000,203188558,203.1886
binary,128,hit,9,1000000,125648092,125.6481
binary,128,miss,9,1000000,129833966,129.8340
direct,128,hit,9,1000000,5031028,5.0310
direct,128,miss,9,1000000,5030878,5.0309
baseline,128,na,10,1000000,1609834,1.6098
linear,128,hit,10,1000000,119127136,119.1271
linear,128,miss,10,1000000,202966624,202.9666
binary,128,hit,10,1000000,123704506,123.7045
binary,128,miss,10,1000000,129595652,129.5957
direct,128,hit,10,1000000,5029446,5.0294
direct,128,miss,10,1000000,5029082,5.0291
baseline,128,na,11,1000000,1609712,1.6097
linear,128,hit,11,1000000,121929440,121.9294
linear,128,miss,11,1000000,208758620,208.7586
binary,128,hit,11,1000000,127584054,127.5841
binary,128,miss,11,1000000,130484394,130.4844
direct,128,hit,11,1000000,5035848,5.0358
direct,128,miss,11,1000000,5033758,5.0338
baseline,128,na,12,1000000,1609416,1.6094
linear,128,hit,12,1000000,119208094,119.2081
linear,128,miss,12,1000000,202714118,202.7141
binary,128,hit,12,1000000,126034274,126.0343
binary,128,miss,12,1000000,131419196,131.4192
direct,128,hit,12,1000000,5029198,5.0292
direct,128,miss,12,1000000,5028884,5.0289
baseline,128,na,13,1000000,1610432,1.6104
linear,128,hit,13,1000000,119173678,119.1737
linear,128,miss,13,1000000,202954868,202.9549
binary,128,hit,13,1000000,126716356,126.7164
binary,128,miss,13,1000000,130988844,130.9888
direct,128,hit,13,1000000,5028908,5.0289
direct,128,miss,13,1000000,5028848,5.0288
baseline,128,na,14,1000000,1610364,1.6104
linear,128,hit,14,1000000,119142774,119.1428
linear,128,miss,14,1000000,203038728,203.0387
binary,128,hit,14,1000000,124359470,124.3595
binary,128,miss,14,1000000,129731612,129.7316
direct,128,hit,14,1000000,5030666,5.0307
direct,128,miss,14,1000000,5029510,5.0295
baseline,128,na,15,1000000,1608674,1.6087
linear,128,hit,15,1000000,119142210,119.1422
linear,128,miss,15,1000000,202660820,202.6608
binary,128,hit,15,1000000,126405308,126.4053
binary,128,miss,15,1000000,130247654,130.2477
direct,128,hit,15,1000000,5029644,5.0296
direct,128,miss,15,1000000,5029622,5.0296
baseline,128,na,16,1000000,1609952,1.6100
linear,128,hit,16,1000000,119129258,119.1293
linear,128,miss,16,1000000,202790858,202.7909
binary,128,hit,16,1000000,124226042,124.2260
binary,128,miss,16,1000000,130403378,130.4034
direct,128,hit,16,1000000,5033334,5.0333
direct,128,miss,16,1000000,5029442,5.0294
baseline,128,na,17,1000000,1605360,1.6054
linear,128,hit,17,1000000,119139218,119.1392
linear,128,miss,17,1000000,203020292,203.0203
binary,128,hit,17,1000000,127398824,127.3988
binary,128,miss,17,1000000,130761690,130.7617
direct,128,hit,17,1000000,5033570,5.0336
direct,128,miss,17,1000000,5031360,5.0314
baseline,128,na,18,1000000,1605200,1.6052
linear,128,hit,18,1000000,119129036,119.1290
linear,128,miss,18,1000000,202880974,202.8810
binary,128,hit,18,1000000,127272446,127.2724
binary,128,miss,18,1000000,131079152,131.0792
direct,128,hit,18,1000000,5033398,5.0334
direct,128,miss,18,1000000,5028932,5.0289
baseline,128,na,19,1000000,1605516,1.6055
linear,128,hit,19,1000000,119117812,119.1178
linear,128,miss,19,1000000,203215206,203.2152
binary,128,hit,19,1000000,121240340,121.2403
binary,128,miss,19,1000000,130375484,130.3755
direct,128,hit,19,1000000,5029008,5.0290
direct,128,miss,19,1000000,5028902,5.0289
baseline,128,na,20,1000000,1609044,1.6090
linear,128,hit,20,1000000,119216196,119.2162
linear,128,miss,20,1000000,203063502,203.0635
binary,128,hit,20,1000000,125663774,125.6638
binary,128,miss,20,1000000,129747552,129.7476
direct,128,hit,20,1000000,5034542,5.0345
direct,128,miss,20,1000000,5030746,5.0307
baseline,128,na,21,1000000,1605028,1.6050
linear,128,hit,21,1000000,119179150,119.1792
linear,128,miss,21,1000000,202848012,202.8480
binary,128,hit,21,1000000,126270524,126.2705
binary,128,miss,21,1000000,130601140,130.6011
direct,128,hit,21,1000000,5044206,5.0442
direct,128,miss,21,1000000,5037466,5.0375
baseline,128,na,22,1000000,1632078,1.6321
linear,128,hit,22,1000000,119295874,119.2959
linear,128,miss,22,1000000,202958898,202.9589
binary,128,hit,22,1000000,126883812,126.8838
binary,128,miss,22,1000000,131346532,131.3465
direct,128,hit,22,1000000,5029918,5.0299
direct,128,miss,22,1000000,5029854,5.0299
baseline,128,na,23,1000000,1609508,1.6095
linear,128,hit,23,1000000,119407898,119.4079
linear,128,miss,23,1000000,207719828,207.7198
binary,128,hit,23,1000000,124621704,124.6217
binary,128,miss,23,1000000,129647094,129.6471
direct,128,hit,23,1000000,5032126,5.0321
direct,128,miss,23,1000000,5038056,5.0381
baseline,128,na,24,1000000,1604298,1.6043
linear,128,hit,24,1000000,119130296,119.1303
linear,128,miss,24,1000000,203339258,203.3393
binary,128,hit,24,1000000,124514190,124.5142
binary,128,miss,24,1000000,128820112,128.8201
direct,128,hit,24,1000000,5030952,5.0310
direct,128,miss,24,1000000,5121306,5.1213
baseline,128,na,25,1000000,1605142,1.6051
linear,128,hit,25,1000000,119150326,119.1503
linear,128,miss,25,1000000,203164654,203.1647
binary,128,hit,25,1000000,124589200,124.5892
binary,128,miss,25,1000000,129745826,129.7458
direct,128,hit,25,1000000,5031396,5.0314
direct,128,miss,25,1000000,5029344,5.0293
baseline,128,na,26,1000000,1609334,1.6093
linear,128,hit,26,1000000,119128320,119.1283
linear,128,miss,26,1000000,203383558,203.3836
binary,128,hit,26,1000000,124786798,124.7868
binary,128,miss,26,1000000,130197154,130.1972
direct,128,hit,26,1000000,5030412,5.0304
direct,128,miss,26,1000000,5034844,5.0348
baseline,128,na,27,1000000,1605784,1.6058
linear,128,hit,27,1000000,119171758,119.1718
linear,128,miss,27,1000000,203205138,203.2051
binary,128,hit,27,1000000,125703902,125.7039
binary,128,miss,27,1000000,129557288,129.5573
direct,128,hit,27,1000000,5030036,5.0300
direct,128,miss,27,1000000,5030640,5.0306
baseline,128,na,28,1000000,1608886,1.6089
linear,128,hit,28,1000000,119119668,119.1197
linear,128,miss,28,1000000,203061544,203.0615
binary,128,hit,28,1000000,126263574,126.2636
binary,128,miss,28,1000000,130152576,130.1526
direct,128,hit,28,1000000,5029882,5.0299
direct,128,miss,28,1000000,5033978,5.0340
baseline,128,na,29,1000000,1605484,1.6055
linear,128,hit,29,1000000,119148934,119.1489
linear,128,miss,29,1000000,203216784,203.2168
binary,128,hit,29,1000000,126666340,126.6663
binary,128,miss,29,1000000,130297558,130.2976
direct,128,hit,29,1000000,5028908,5.0289
direct,128,miss,29,1000000,5029892,5.0299
baseline,128,na,30,1000000,1610466,1.6105
linear,128,hit,30,1000000,119224000,119.2240
linear,128,miss,30,1000000,203141556,203.1416
binary,128,hit,30,1000000,124826800,124.8268
binary,128,miss,30,1000000,129634462,129.6345
direct,128,hit,30,1000000,5034402,5.0344
direct,128,miss,30,1000000,5040918,5.0409
baseline,128,na,31,1000000,1604764,1.6048
linear,128,hit,31,1000000,119156994,119.1570
linear,128,miss,31,1000000,203261804,203.2618
binary,128,hit,31,1000000,128080142,128.0801
binary,128,miss,31,1000000,129072734,129.0727
direct,128,hit,31,1000000,5029994,5.0300
direct,128,miss,31,1000000,5029962,5.0300
baseline,128,na,32,1000000,1609050,1.6091
linear,128,hit,32,1000000,119091698,119.0917
linear,128,miss,32,1000000,202805202,202.8052
binary,128,hit,32,1000000,125173908,125.1739
binary,128,miss,32,1000000,128125274,128.1253
direct,128,hit,32,1000000,5028700,5.0287
direct,128,miss,32,1000000,5031114,5.0311
baseline,128,na,33,1000000,1610060,1.6101
linear,128,hit,33,1000000,119116914,119.1169
linear,128,miss,33,1000000,203004042,203.0040
binary,128,hit,33,1000000,125793206,125.7932
binary,128,miss,33,1000000,129256180,129.2562
direct,128,hit,33,1000000,5028976,5.0290
direct,128,miss,33,1000000,5032776,5.0328
baseline,128,na,34,1000000,1604788,1.6048
linear,128,hit,34,1000000,119140180,119.1402
linear,128,miss,34,1000000,203014580,203.0146
binary,128,hit,34,1000000,124358756,124.3588
binary,128,miss,34,1000000,132866372,132.8664
direct,128,hit,34,1000000,5030434,5.0304
direct,128,miss,34,1000000,5029130,5.0291
baseline,128,na,35,1000000,1608894,1.6089
linear,128,hit,35,1000000,119206014,119.2060
linear,128,miss,35,1000000,203112736,203.1127
binary,128,hit,35,1000000,123973090,123.9731
binary,128,miss,35,1000000,126550814,126.5508
direct,128,hit,35,1000000,5033512,5.0335
direct,128,miss,35,1000000,5028570,5.0286
baseline,128,na,36,1000000,1604806,1.6048
linear,128,hit,36,1000000,119152050,119.1521
linear,128,miss,36,1000000,202928052,202.9281
binary,128,hit,36,1000000,124397148,124.3971
binary,128,miss,36,1000000,130388910,130.3889
direct,128,hit,36,1000000,5029048,5.0290
direct,128,miss,36,1000000,5030842,5.0308
baseline,128,na,37,1000000,1611300,1.6113
linear,128,hit,37,1000000,119131916,119.1319
linear,128,miss,37,1000000,202954720,202.9547
binary,128,hit,37,1000000,123566222,123.5662
binary,128,miss,37,1000000,127947858,127.9479
direct,128,hit,37,1000000,5028844,5.0288
direct,128,miss,37,1000000,5031104,5.0311
baseline,128,na,38,1000000,1609972,1.6100
linear,128,hit,38,1000000,119153704,119.1537
linear,128,miss,38,1000000,202929322,202.9293
binary,128,hit,38,1000000,128987236,128.9872
binary,128,miss,38,1000000,131902004,131.9020
direct,128,hit,38,1000000,5029572,5.0296
direct,128,miss,38,1000000,5029004,5.0290
baseline,128,na,39,1000000,1609478,1.6095
linear,128,hit,39,1000000,119226564,119.2266
linear,128,miss,39,1000000,203100818,203.1008
binary,128,hit,39,1000000,127553854,127.5539
binary,128,miss,39,1000000,131870728,131.8707
direct,128,hit,39,1000000,5032402,5.0324
direct,128,miss,39,1000000,5031564,5.0316
baseline,128,na,40,1000000,1610080,1.6101
linear,128,hit,40,1000000,119121600,119.1216
linear,128,miss,40,1000000,202968898,202.9689
binary,128,hit,40,1000000,123049388,123.0494
binary,128,miss,40,1000000,130077712,130.0777
direct,128,hit,40,1000000,5029054,5.0291
direct,128,miss,40,1000000,5033114,5.0331
baseline,128,na,41,1000000,1605204,1.6052
linear,128,hit,41,1000000,119137392,119.1374
linear,128,miss,41,1000000,202946456,202.9465
binary,128,hit,41,1000000,126607062,126.6071
binary,128,miss,41,1000000,130074824,130.0748
direct,128,hit,41,1000000,5029354,5.0294
direct,128,miss,41,1000000,5030528,5.0305
baseline,128,na,42,1000000,1609976,1.6100
linear,128,hit,42,1000000,119176248,119.1762
linear,128,miss,42,1000000,202815256,202.8153
binary,128,hit,42,1000000,126837236,126.8372
binary,128,miss,42,1000000,133750992,133.7510
direct,128,hit,42,1000000,5037780,5.0378
direct,128,miss,42,1000000,5043286,5.0433
baseline,128,na,43,1000000,1610152,1.6102
linear,128,hit,43,1000000,119358480,119.3585
linear,128,miss,43,1000000,203148878,203.1489
binary,128,hit,43,1000000,127154706,127.1547
binary,128,miss,43,1000000,131906064,131.9061
direct,128,hit,43,1000000,5085336,5.0853
direct,128,miss,43,1000000,5037720,5.0377
baseline,128,na,44,1000000,1612786,1.6128
linear,128,hit,44,1000000,119175400,119.1754
linear,128,miss,44,1000000,202767716,202.7677
binary,128,hit,44,1000000,124409452,124.4095
binary,128,miss,44,1000000,128721272,128.7213
direct,128,hit,44,1000000,5031568,5.0316
direct,128,miss,44,1000000,5030534,5.0305
baseline,128,na,45,1000000,1610120,1.6101
linear,128,hit,45,1000000,119257758,119.2578
linear,128,miss,45,1000000,202771696,202.7717
binary,128,hit,45,1000000,125251870,125.2519
binary,128,miss,45,1000000,129334984,129.3350
direct,128,hit,45,1000000,5035486,5.0355
direct,128,miss,45,1000000,5030638,5.0306
baseline,128,na,46,1000000,1608218,1.6082
linear,128,hit,46,1000000,119123488,119.1235
linear,128,miss,46,1000000,203005944,203.0059
binary,128,hit,46,1000000,125487450,125.4874
binary,128,miss,46,1000000,130735780,130.7358
direct,128,hit,46,1000000,5028902,5.0289
direct,128,miss,46,1000000,5038956,5.0390
baseline,128,na,47,1000000,1605222,1.6052
linear,128,hit,47,1000000,119423552,119.4236
linear,128,miss,47,1000000,202840000,202.8400
binary,128,hit,47,1000000,125635692,125.6357
binary,128,miss,47,1000000,135573026,135.5730
direct,128,hit,47,1000000,5030590,5.0306
direct,128,miss,47,1000000,5029398,5.0294
baseline,128,na,48,1000000,1609626,1.6096
linear,128,hit,48,1000000,119129684,119.1297
linear,128,miss,48,1000000,202981170,202.9812
binary,128,hit,48,1000000,126218692,126.2187
binary,128,miss,48,1000000,134836614,134.8366
direct,128,hit,48,1000000,5030274,5.0303
direct,128,miss,48,1000000,5028960,5.0290
baseline,128,na,49,1000000,1609850,1.6099
linear,128,hit,49,1000000,119142550,119.1425
linear,128,miss,49,1000000,202927490,202.9275
binary,128,hit,49,1000000,125233606,125.2336
binary,128,miss,49,1000000,135629588,135.6296
direct,128,hit,49,1000000,5028768,5.0288
direct,128,miss,49,1000000,5029676,5.0297
baseline,256,na,0,1000000,1608310,1.6083
linear,256,hit,0,1000000,206027732,206.0277
linear,256,miss,0,1000000,384008426,384.0084
binary,256,hit,0,1000000,148275136,148.2751
binary,256,miss,0,1000000,154662562,154.6626
direct,256,hit,0,1000000,5031152,5.0312
direct,256,miss,0,1000000,5029150,5.0291
baseline,256,na,1,1000000,1609564,1.6096
linear,256,hit,1,1000000,206030060,206.0301
linear,256,miss,1,1000000,383668086,383.6681
binary,256,hit,1,1000000,147429020,147.4290
binary,256,miss,1,1000000,153822366,153.8224
direct,256,hit,1,1000000,5029480,5.0295
direct,256,miss,1,1000000,5032756,5.0328
baseline,256,na,2,1000000,1605700,1.6057
linear,256,hit,2,1000000,206022576,206.0226
linear,256,miss,2,1000000,383534406,383.5344
binary,256,hit,2,1000000,148559114,148.5591
binary,256,miss,2,1000000,155262400,155.2624
direct,256,hit,2,1000000,5028986,5.0290
direct,256,miss,2,1000000,5028936,5.0289
baseline,256,na,3,1000000,1609046,1.6090
linear,256,hit,3,1000000,206354678,206.3547
linear,256,miss,3,1000000,383371672,383.3717
binary,256,hit,3,1000000,149173938,149.1739
binary,256,miss,3,1000000,153313056,153.3131
direct,256,hit,3,1000000,5033024,5.0330
direct,256,miss,3,1000000,5030504,5.0305
baseline,256,na,4,1000000,1605178,1.6052
linear,256,hit,4,1000000,206374926,206.3749
linear,256,miss,4,1000000,383146938,383.1469
binary,256,hit,4,1000000,148058308,148.0583
binary,256,miss,4,1000000,153777780,153.7778
direct,256,hit,4,1000000,5033690,5.0337
direct,256,miss,4,1000000,5028814,5.0288
baseline,256,na,5,1000000,1605952,1.6060
linear,256,hit,5,1000000,205989906,205.9899
linear,256,miss,5,1000000,383824224,383.8242
binary,256,hit,5,1000000,148344412,148.3444
binary,256,miss,5,1000000,155712714,155.7127
direct,256,hit,5,1000000,5034210,5.0342
direct,256,miss,5,1000000,5030762,5.0308
baseline,256,na,6,1000000,1604430,1.6044
linear,256,hit,6,1000000,206025134,206.0251
linear,256,miss,6,1000000,383553284,383.5533
binary,256,hit,6,1000000,147602370,147.6024
binary,256,miss,6,1000000,154816416,154.8164
direct,256,hit,6,1000000,5029096,5.0291
direct,256,miss,6,1000000,5028560,5.0286
baseline,256,na,7,1000000,1609848,1.6098
linear,256,hit,7,1000000,206026100,206.0261
linear,256,miss,7,1000000,384213244,384.2132
binary,256,hit,7,1000000,148039156,148.0392
binary,256,miss,7,1000000,154442498,154.4425
direct,256,hit,7,1000000,5030860,5.0309
direct,256,miss,7,1000000,5034186,5.0342
baseline,256,na,8,1000000,1604872,1.6049
linear,256,hit,8,1000000,210644966,210.6450
linear,256,miss,8,1000000,383400638,383.4006
binary,256,hit,8,1000000,147786330,147.7863
binary,256,miss,8,1000000,154267242,154.2672
direct,256,hit,8,1000000,5034334,5.0343
direct,256,miss,8,1000000,5034144,5.0341
baseline,256,na,9,1000000,1604762,1.6048
linear,256,hit,9,1000000,206056360,206.0564
linear,256,miss,9,1000000,383742836,383.7428
binary,256,hit,9,1000000,148080240,148.0802
binary,256,miss,9,1000000,153309542,153.3095
direct,256,hit,9,1000000,5032642,5.0326
direct,256,miss,9,1000000,5034146,5.0341
baseline,256,na,10,1000000,1609228,1.6092
linear,256,hit,10,1000000,205976176,205.9762
linear,256,miss,10,1000000,383823822,383.8238
binary,256,hit,10,1000000,157005742,157.0057
binary,256,miss,10,1000000,153780994,153.7810
direct,256,hit,10,1000000,5033610,5.0336
direct,256,miss,10,1000000,5030298,5.0303
baseline,256,na,11,1000000,1609786,1.6098
linear,256,hit,11,1000000,206050172,206.0502
linear,256,miss,11,1000000,383465032,383.4650
binary,256,hit,11,1000000,148060542,148.0605
binary,256,miss,11,1000000,152787984,152.7880
direct,256,hit,11,1000000,5029252,5.0293
direct,256,miss,11,1000000,5244680,5.2447
baseline,256,na,12,1000000,1611880,1.6119
linear,256,hit,12,1000000,206105404,206.1054
linear,256,miss,12,1000000,383460088,383.4601
binary,256,hit,12,1000000,148200152,148.2002
binary,256,miss,12,1000000,153224328,153.2243
direct,256,hit,12,1000000,5033106,5.0331
direct,256,miss,12,1000000,5029524,5.0295
baseline,256,na,13,1000000,1609666,1.6097
linear,256,hit,13,1000000,206173414,206.1734
linear,256,miss,13,1000000,383713498,383.7135
binary,256,hit,13,1000000,148433808,148.4338
binary,256,miss,13,1000000,152364634,152.3646
direct,256,hit,13,1000000,5031706,5.0317
direct,256,miss,13,1000000,5031366,5.0314
baseline,256,na,14,1000000,1609268,1.6093
linear,256,hit,14,1000000,206036982,206.0370
linear,256,miss,14,1000000,383542068,383.5421
binary,256,hit,14,1000000,148545916,148.5459
binary,256,miss,14,1000000,154826092,154.8261
direct,256,hit,14,1000000,5030918,5.0309
direct,256,miss,14,1000000,5028866,5.0289
baseline,256,na,15,1000000,1610582,1.6106
linear,256,hit,15,1000000,206027764,206.0278
linear,256,miss,15,1000000,383619592,383.6196
binary,256,hit,15,1000000,150117656,150.1177
binary,256,miss,15,1000000,154891380,154.8914
direct,256,hit,15,1000000,5030296,5.0303
direct,256,miss,15,1000000,5033232,5.0332
baseline,256,na,16,1000000,1604230,1.6042
linear,256,hit,16,1000000,205989976,205.9900
linear,256,miss,16,1000000,383457108,383.4571
binary,256,hit,16,1000000,146755034,146.7550
binary,256,miss,16,1000000,155483484,155.4835
direct,256,hit,16,1000000,5046902,5.0469
direct,256,miss,16,1000000,5037194,5.0372
baseline,256,na,17,1000000,1605344,1.6053
linear,256,hit,17,1000000,206109316,206.1093
linear,256,miss,17,1000000,383351254,383.3513
binary,256,hit,17,1000000,148591044,148.5910
binary,256,miss,17,1000000,155271628,155.2716
direct,256,hit,17,1000000,5029080,5.0291
direct,256,miss,17,1000000,5028702,5.0287
baseline,256,na,18,1000000,1610554,1.6106
linear,256,hit,18,1000000,206028180,206.0282
linear,256,miss,18,1000000,383850416,383.8504
binary,256,hit,18,1000000,147628466,147.6285
binary,256,miss,18,1000000,155043416,155.0434
direct,256,hit,18,1000000,5049526,5.0495
direct,256,miss,18,1000000,5029522,5.0295
baseline,256,na,19,1000000,1609834,1.6098
linear,256,hit,19,1000000,206068926,206.0689
linear,256,miss,19,1000000,383493934,383.4939
binary,256,hit,19,1000000,147604974,147.6050
binary,256,miss,19,1000000,153077032,153.0770
direct,256,hit,19,1000000,5056458,5.0565
direct,256,miss,19,1000000,5028690,5.0287
baseline,256,na,20,1000000,1609212,1.6092
linear,256,hit,20,1000000,206321198,206.3212
linear,256,miss,20,1000000,383633108,383.6331
binary,256,hit,20,1000000,149087742,149.0877
binary,256,miss,20,1000000,161019954,161.0200
direct,256,hit,20,1000000,5040186,5.0402
direct,256,miss,20,1000000,5034292,5.0343
baseline,256,na,21,1000000,1618546,1.6185
linear,256,hit,21,1000000,206145034,206.1450
linear,256,miss,21,1000000,383940620,383.9406
binary,256,hit,21,1000000,148099022,148.0990
binary,256,miss,21,1000000,154913646,154.9136
direct,256,hit,21,1000000,5036052,5.0361
direct,256,miss,21,1000000,5031470,5.0315
baseline,256,na,22,1000000,1609590,1.6096
linear,256,hit,22,1000000,206200216,206.2002
linear,256,miss,22,1000000,383702628,383.7026
binary,256,hit,22,1000000,147059278,147.0593
binary,256,miss,22,1000000,152612358,152.6124
direct,256,hit,22,1000000,5030596,5.0306
direct,256,miss,22,1000000,5029048,5.0290
baseline,256,na,23,1000000,1609166,1.6092
linear,256,hit,23,1000000,206039510,206.0395
linear,256,miss,23,1000000,383861848,383.8618
binary,256,hit,23,1000000,148572886,148.5729
binary,256,miss,23,1000000,155166586,155.1666
direct,256,hit,23,1000000,5036008,5.0360
direct,256,miss,23,1000000,5033724,5.0337
baseline,256,na,24,1000000,1609524,1.6095
linear,256,hit,24,1000000,205989790,205.9898
linear,256,miss,24,1000000,383479724,383.4797
binary,256,hit,24,1000000,148506418,148.5064
binary,256,miss,24,1000000,155264440,155.2644
direct,256,hit,24,1000000,5032608,5.0326
direct,256,miss,24,1000000,5031132,5.0311
baseline,256,na,25,1000000,1606254,1.6063
linear,256,hit,25,1000000,206241238,206.2412
linear,256,miss,25,1000000,383605434,383.6054
binary,256,hit,25,1000000,148112240,148.1122
binary,256,miss,25,1000000,156904000,156.9040
direct,256,hit,25,1000000,5034836,5.0348
direct,256,miss,25,1000000,5030960,5.0310
baseline,256,na,26,1000000,1613184,1.6132
linear,256,hit,26,1000000,206563278,206.5633
linear,256,miss,26,1000000,383567404,383.5674
binary,256,hit,26,1000000,151550582,151.5506
binary,256,miss,26,1000000,157488162,157.4882
direct,256,hit,26,1000000,5030522,5.0305
direct,256,miss,26,1000000,5034298,5.0343
baseline,256,na,27,1000000,1604530,1.6045
linear,256,hit,27,1000000,206078514,206.0785
linear,256,miss,27,1000000,383189864,383.1899
binary,256,hit,27,1000000,150303276,150.3033
binary,256,miss,27,1000000,157999360,157.9994
direct,256,hit,27,1000000,5029606,5.0296
direct,256,miss,27,1000000,5028900,5.0289
baseline,256,na,28,1000000,1610028,1.6100
linear,256,hit,28,1000000,206019004,206.0190
linear,256,miss,28,1000000,383718388,383.7184
binary,256,hit,28,1000000,149244510,149.2445
binary,256,miss,28,1000000,153151904,153.1519
direct,256,hit,28,1000000,5030242,5.0302
direct,256,miss,28,1000000,5028892,5.0289
baseline,256,na,29,1000000,1610286,1.6103
linear,256,hit,29,1000000,206010376,206.0104
linear,256,miss,29,1000000,383282348,383.2823
binary,256,hit,29,1000000,147551894,147.5519
binary,256,miss,29,1000000,154882522,154.8825
direct,256,hit,29,1000000,5028742,5.0287
direct,256,miss,29,1000000,5035066,5.0351
baseline,256,na,30,1000000,1605876,1.6059
linear,256,hit,30,1000000,206046162,206.0462
linear,256,miss,30,1000000,383597402,383.5974
binary,256,hit,30,1000000,148716956,148.7170
binary,256,miss,30,1000000,153893216,153.8932
direct,256,hit,30,1000000,5029064,5.0291
direct,256,miss,30,1000000,5028760,5.0288
baseline,256,na,31,1000000,1608582,1.6086
linear,256,hit,31,1000000,206173520,206.1735
linear,256,miss,31,1000000,383701256,383.7013
binary,256,hit,31,1000000,148347530,148.3475
binary,256,miss,31,1000000,154050154,154.0502
direct,256,hit,31,1000000,5029530,5.0295
direct,256,miss,31,1000000,5028776,5.0288
baseline,256,na,32,1000000,1608946,1.6089
linear,256,hit,32,1000000,206064738,206.0647
linear,256,miss,32,1000000,383489664,383.4897
binary,256,hit,32,1000000,148100654,148.1007
binary,256,miss,32,1000000,154932962,154.9330
direct,256,hit,32,1000000,5046422,5.0464
direct,256,miss,32,1000000,5037898,5.0379
baseline,256,na,33,1000000,1604714,1.6047
linear,256,hit,33,1000000,210178568,210.1786
linear,256,miss,33,1000000,388661116,388.6611
binary,256,hit,33,1000000,154202026,154.2020
binary,256,miss,33,1000000,159768238,159.7682
direct,256,hit,33,1000000,5042306,5.0423
direct,256,miss,33,1000000,5048578,5.0486
baseline,256,na,34,1000000,1614728,1.6147
linear,256,hit,34,1000000,206416452,206.4165
linear,256,miss,34,1000000,384136810,384.1368
binary,256,hit,34,1000000,151880618,151.8806
binary,256,miss,34,1000000,159878790,159.8788
direct,256,hit,34,1000000,5106490,5.1065
direct,256,miss,34,1000000,5255204,5.2552
baseline,256,na,35,1000000,1680214,1.6802
linear,256,hit,35,1000000,209881110,209.8811
linear,256,miss,35,1000000,387795406,387.7954
binary,256,hit,35,1000000,148598786,148.5988
binary,256,miss,35,1000000,154670254,154.6703
direct,256,hit,35,1000000,5078592,5.0786
direct,256,miss,35,1000000,5199578,5.1996
baseline,256,na,36,1000000,1614204,1.6142
linear,256,hit,36,1000000,237465020,237.4650
linear,256,miss,36,1000000,386470198,386.4702
binary,256,hit,36,1000000,149070504,149.0705
binary,256,miss,36,1000000,156861458,156.8615
direct,256,hit,36,1000000,5080232,5.0802
direct,256,miss,36,1000000,5226796,5.2268
baseline,256,na,37,1000000,1622968,1.6230
linear,256,hit,37,1000000,208409692,208.4097
linear,256,miss,37,1000000,387467426,387.4674
binary,256,hit,37,1000000,148867214,148.8672
binary,256,miss,37,1000000,156573626,156.5736
direct,256,hit,37,1000000,5088590,5.0886
direct,256,miss,37,1000000,5230694,5.2307
baseline,256,na,38,1000000,1648400,1.6484
linear,256,hit,38,1000000,208313572,208.3136
linear,256,miss,38,1000000,392545066,392.5451
binary,256,hit,38,1000000,151300086,151.3001
binary,256,miss,38,1000000,154833512,154.8335
direct,256,hit,38,1000000,5047436,5.0474
direct,256,miss,38,1000000,5034482,5.0345
baseline,256,na,39,1000000,1610802,1.6108
linear,256,hit,39,1000000,206382036,206.3820
linear,256,miss,39,1000000,383950162,383.9502
binary,256,hit,39,1000000,147766846,147.7668
binary,256,miss,39,1000000,155724936,155.7249
direct,256,hit,39,1000000,5035570,5.0356
direct,256,miss,39,1000000,5041224,5.0412
baseline,256,na,40,1000000,1612900,1.6129
linear,256,hit,40,1000000,206384874,206.3849
linear,256,miss,40,1000000,383942130,383.9421
binary,256,hit,40,1000000,149566024,149.5660
binary,256,miss,40,1000000,154737404,154.7374
direct,256,hit,40,1000000,5071980,5.0720
direct,256,miss,40,1000000,5327238,5.3272
baseline,256,na,41,1000000,2092062,2.0921
linear,256,hit,41,1000000,213549980,213.5500
linear,256,miss,41,1000000,393036770,393.0368
binary,256,hit,41,1000000,148510626,148.5106
binary,256,miss,41,1000000,154715932,154.7159
direct,256,hit,41,1000000,5057586,5.0576
direct,256,miss,41,1000000,5038716,5.0387
baseline,256,na,42,1000000,1615202,1.6152
linear,256,hit,42,1000000,206287810,206.2878
linear,256,miss,42,1000000,383518310,383.5183
binary,256,hit,42,1000000,150441754,150.4418
binary,256,miss,42,1000000,158822274,158.8223
direct,256,hit,42,1000000,5074754,5.0748
direct,256,miss,42,1000000,5040596,5.0406
baseline,256,na,43,1000000,1610988,1.6110
linear,256,hit,43,1000000,212569958,212.5700
linear,256,miss,43,1000000,390889136,390.8891
binary,256,hit,43,1000000,150485192,150.4852
binary,256,miss,43,1000000,154999020,154.9990
direct,256,hit,43,1000000,5092362,5.0924
direct,256,miss,43,1000000,5170264,5.1703
baseline,256,na,44,1000000,1616826,1.6168
linear,256,hit,44,1000000,212168724,212.1687
linear,256,miss,44,1000000,384157952,384.1580
binary,256,hit,44,1000000,149024914,149.0249
binary,256,miss,44,1000000,153048522,153.0485
direct,256,hit,44,1000000,5039400,5.0394
direct,256,miss,44,1000000,5040204,5.0402
baseline,256,na,45,1000000,1612034,1.6120
linear,256,hit,45,1000000,206408876,206.4089
linear,256,miss,45,1000000,388586284,388.5863
binary,256,hit,45,1000000,149910500,149.9105
binary,256,miss,45,1000000,155949292,155.9493
direct,256,hit,45,1000000,5101066,5.1011
direct,256,miss,45,1000000,5086426,5.0864
baseline,256,na,46,1000000,1755924,1.7559
linear,256,hit,46,1000000,209883336,209.8833
linear,256,miss,46,1000000,392591828,392.5918
binary,256,hit,46,1000000,149913186,149.9132
binary,256,miss,46,1000000,157051846,157.0518
direct,256,hit,46,1000000,5234580,5.2346
direct,256,miss,46,1000000,5086722,5.0867
baseline,256,na,47,1000000,1613946,1.6139
linear,256,hit,47,1000000,208581170,208.5812
linear,256,miss,47,1000000,386838104,386.8381
binary,256,hit,47,1000000,145952220,145.9522
binary,256,miss,47,1000000,153842424,153.8424
direct,256,hit,47,1000000,5037732,5.0377
direct,256,miss,47,1000000,5030430,5.0304
baseline,256,na,48,1000000,1605138,1.6051
linear,256,hit,48,1000000,206605852,206.6059
linear,256,miss,48,1000000,383581370,383.5814
binary,256,hit,48,1000000,148763176,148.7632
binary,256,miss,48,1000000,155569250,155.5693
direct,256,hit,48,1000000,5034444,5.0344
direct,256,miss,48,1000000,5032420,5.0324
baseline,256,na,49,1000000,1609638,1.6096
linear,256,hit,49,1000000,206045418,206.0454
linear,256,miss,49,1000000,383555978,383.5560
binary,256,hit,49,1000000,167204740,167.2047
binary,256,miss,49,1000000,163038596,163.0386
direct,256,hit,49,1000000,5220530,5.2205
direct,256,miss,49,1000000,5043526,5.0435
